100.0761778850, 7760.5225303881, 30130.0292968750
100.9888899309, 6844.8875190839, 27491.9921875000
101.0965629399, 6701.5724581694, 26070.9355468750
102.0917887221, 13210.7673194557, 54704.1914062500
102.9480665550, 8837.9879288469, 29679.1953125000
102.9706837083, 10299.1187834535, 40990.3437500000
103.7871859611, 7295.8700737152, 23385.1523437500
104.0710176617, 6775.1382376077, 24080.3613281250
104.9637503520, 202593.3165022731, 495528.6562500000
105.0702373593, 31347.3861966394, 112661.6953125000
107.0526633405, 24755.9712607525, 86235.1718750000
107.0706952042, 46096.6418313310, 170630.1406250000
107.0858244582, 29268.8251656368, 59303.8828125000
108.0671310945, 5211.6157950787, 20166.5605468750
108.0811752901, 11903.4950171076, 43204.9726562500
108.9585782930, 11256.7213754561, 36879.0507812500
108.9765452112, 29786.3881371282, 69528.0546875000
109.0052732614, 8067.0005232990, 15820.4326171875
109.0287857494, 38523.5510470197, 127325.5078125000
109.0650320623, 8365.3449876085, 30193.8906250000
109.0763768087, 141637.5250831842, 429512.9062500000
109.1015252528, 48686.4047321603, 179482.8750000000
109.9843943037, 26626.8046346530, 53121.1054687500
111.0235810726, 345359.6708689928, 1112036.5000000000
111.0443783807, 48820.8438730314, 180153.9687500000
111.9754481321, 8346.6102157608, 31446.8437500000
112.0759971279, 11751.9951312318, 38886.1640625000
112.9684166583, 5197.1156708682, 19129.4140625000
112.9714810699, 100764.7769852728, 381272.1562500000
113.0001110069, 2666879.9602928162, 7140699.0000000000
113.0599789676, 19741.2678200454, 49179.0781250000
113.1326390932, 5446.8054869138, 22710.8476562500
113.9428766521, 9755.1545213293, 39197.6171875000
113.9791794208, 8761.4312249254, 30210.0000000000
114.0034797526, 31121.9824433587, 57514.5507812500
114.0591228203, 6592.3962241951, 22937.6523437500
114.0916397838, 119579.7266274840, 211175.2031250000
114.9711498955, 46510.4428760633, 68720.2812500000
115.0043775766, 9862.7054047566, 30047.1914062500
115.0544391006, 36382.5771653056, 66201.4843750000
115.0755946540, 7771.7715496020, 27583.8886718750
115.0949676304, 9391.2734195031, 38186.7617187500
115.9702251668, 64407.6435655281, 242270.2968750000
116.9377593081, 6370.5735173607, 16196.1533203125
116.9664194367, 509696.8593932390, 1927399.8750000000
117.0549058228, 18832.2332827449, 50191.9023437500
117.0701695138, 6097.5805365983, 24453.3867187500
117.0912243177, 13471.8589948360, 52006.4335937500
117.9458752125, 24765.8491957486, 44089.0156250000
117.9663036005, 51930.0554456860, 188355.0781250000
118.0654839210, 9273.0267891791, 36821.7304687500
118.0864606228, 1000683.7421468496, 3506086.7500000000
118.1219640203, 6659.0836599711, 22720.1464843750
118.9428392299, 121456.7940395176, 219942.8750000000
118.9631028821, 38814.1259335428, 135968.4062500000
118.9792698063, 54280.0030524656, 163325.1875000000
119.0855898953, 43212.3079046458, 156603.3750000000
119.0898397394, 55330.8795903847, 154419.3906250000
119.9303323767, 5874.3120982414, 19798.1738281250
119.9505662688, 6818.2035784069, 27730.9472656250
120.0446742087, 10819.4134118017, 45915.8437500000
120.0558397754, 184216.6326762736, 650767.6875000000
121.0077304358, 52396.1585663855, 168171.6093750000
121.0317828201, 7593.9894786486, 26902.6777343750
121.0285925261, 13565.6211757641, 56285.9375000000
121.0591258256, 6511.5455141570, 26354.2421875000
121.0649135409, 50821.0459319949, 190906.1250000000
121.0761600699, 19150.7191318534, 51899.9648437500
121.1013331394, 28697.0373246148, 94406.3906250000
122.0600729909, 13472.2435339410, 50334.5273437500
122.0840098767, 28656.2131231017, 103366.0546875000
122.0967713144, 7503.5218314324, 28044.5371093750
122.9741771368, 64234.8756798953, 142221.2343750000
123.0235825665, 7324.0564066758, 24822.5039062500
123.0442848742, 9266.4098873939, 30145.0878906250
123.0806484601, 11933.7054070067, 29956.0878906250
123.0918252370, 1178387.9564130306, 3988798.5000000000
123.1170256468, 22887.6680625863, 47667.1562500000
124.0395344875, 7849.2430361239, 19847.8085937500
124.0758748477, 23674.0368904844, 50574.2929687500
124.0890025909, 6781.8961579436, 24807.8964843750
124.0952006947, 73191.7889806330, 269838.2500000000
124.9712302538, 11379.3966828678, 33403.4218750000
124.9916339210, 11083.2247929629, 42716.7812500000
125.0000205850, 87315.6145492345, 231374.9218750000
125.0235836091, 8618.8155720476, 33134.3437500000
125.0390088754, 227269.6796790957, 531014.2500000000
125.0598210440, 24830.0385584533, 33347.6562500000
125.0962016988, 13377.7465354670, 52858.7617187500
125.9907870722, 8888.3599976264, 34641.2343750000
126.0550834570, 29409.4750760756, 87949.7109375000
126.0915477307, 50680.4331367910, 119666.5000000000
126.9779799353, 39255.1497681066, 96716.8593750000
126.9869294175, 197143.5979761183, 576460.6875000000
127.0155719433, 13293664.2524986267, 46364556.0000000000
127.0390332668, 81124.5480155200, 265799.7500000000
127.0545234762, 33146.8357165083, 102369.4765625000
127.1117976435, 7355.4716217229, 24809.8925781250
127.9561881104, 6221.7006816119, 24569.5019531250
127.9583133982, 9415.3964160569, 33747.7929687500
127.9867518597, 8688.3751384299, 32381.3496093750
127.9907911055, 5895.0434139315, 20161.6074218750
127.9949210558, 6422.1760986187, 20001.5957031250
128.0188919914, 270842.6703993678, 1017944.3750000000
128.0621072683, 38272.2558312342, 122819.9375000000
128.0706332567, 8567.3848675005, 29768.2734375000
128.1071076422, 6846.1878675241, 31061.7734375000
128.9866043949, 183887.8144397140, 533569.8750000000
129.0197813814, 116721.6276443005, 430792.7812500000
129.0523421496, 16928.4796227105, 58202.3945312500
129.0547213919, 13647.9306305647, 51221.3710937500
129.0699920995, 7106.4700119691, 25421.4375000000
129.9856789494, 170349.1372847855, 556266.6875000000
130.0650890457, 20569.9673844539, 58908.1328125000
130.1226563232, 9842.1064365953, 36132.9960937500
130.9818461608, 1479845.8422043324, 4138856.7500000000
131.0103543310, 23685.3871950991, 58156.9140625000
131.0854402331, 7787.6508811144, 29887.2441406250
131.9532222957, 11020.6319575869, 33055.8710937500
131.9817935143, 99800.2499700040, 371885.8437500000
131.9852991938, 12121.3929521944, 57999.4765625000
132.1019436341, 6720.7509485241, 23236.5839843750
132.9582885599, 137330.3294520974, 322082.9062500000
132.9786746629, 99896.4764150083, 399083.4062500000
132.9861472751, 8174.2142987158, 26294.2167968750
133.0859430796, 112502.4965523481, 432373.6562500000
133.1012078789, 26689.0662947334, 80356.5312500000
133.9778254600, 10308.9332527258, 34482.0234375000
133.9896415094, 6887.8995325342, 25136.2246093750
134.0600424656, 81811.9795225710, 153657.8906250000
134.0713275992, 52455.2734887972, 102520.7187500000
135.0804369660, 10473.3176275212, 34921.6679687500
135.0916240878, 66093.2797397524, 252748.5312500000
135.1168262631, 36569.0370460451, 63917.3671875000
136.0215151905, 9851.3933545891, 42738.0156250000
136.0755306046, 63103.9027984515, 210523.1406250000
136.9084542178, 8978.1910476219, 18270.8964843750
136.9532139655, 63577.5195742473, 233680.3437500000
136.9895053909, 43587.3539330512, 92679.7968750000
137.0596242784, 25814.8765762039, 27504.4921875000
137.0709123548, 13785.4898173958, 52481.6093750000
137.0959862843, 23218.2283815965, 55185.2070312500
137.1072778051, 687551.1059714556, 1964147.7500000000
137.1323147006, 11199.1957598571, 37321.0429687500
138.0549757203, 27007.8222088888, 92882.1796875000
138.0912882829, 174808.1505046189, 668112.9375000000
138.1106572847, 52840.9595362172, 196509.2500000000
139.0070647195, 35379.4275135621, 128831.4609375000
139.0182763344, 42818.8757035956, 160679.1718750000
139.0389318016, 22985.2426424436, 61003.7929687500
139.0752948063, 11332.7283732947, 45136.6992187500
139.0865612705, 27988.2450109795, 101926.5546875000
139.0944630614, 8368.3649809435, 32990.8671875000
139.1115826384, 12961.1020148918, 57969.1015625000
140.0062345674, 8009.1032036608, 39827.1757812500
140.0681084027, 18822.7627787739, 53060.0625000000
140.1069800122, 58435.3736321554, 212998.0156250000
140.9660209859, 24643.6564744078, 82631.4062500000
140.9867860511, 9473.3098263927, 30141.6835937500
141.0024920072, 206371.3921038508, 797084.0625000000
141.0310019599, 4105461.8099937439, 15457286.0000000000
141.0544862513, 37966.8049572408, 112242.6718750000
141.0764536676, 9180.7660714816, 27149.9648437500
141.0909314963, 9277.9076182861, 36104.7734375000
141.1272886057, 13747.6158805750, 56111.7109375000
142.0022819781, 7599.3781216173, 29049.5429687500
142.0344432016, 132789.6229211390, 486816.1875000000
142.1224921705, 41954.1195058897, 151565.5468750000
142.9273345461, 8255.1685647499, 32205.9121093750
142.9818122191, 93896.7499307245, 352701.2812500000
143.0021199625, 523343.0005982518, 1988766.5000000000
143.0353145874, 28261.2820478491, 80346.6796875000
143.0702785475, 10072.3778471760, 27338.9472656250
143.9818019529, 8147.9207435213, 29662.9707031250
144.0012692937, 506832.9869002104, 1935633.0000000000
144.0653555339, 44101.1735053957, 152099.7812500000
144.1381751817, 10957.5601023752, 44034.8710937500
144.9163447177, 15992.3977859132, 55057.6210937500
144.9516084695, 7010.8815469267, 28307.2070312500
144.9607584351, 7177.1206156500, 27098.0449218750
144.9782300902, 5985.6024936922, 21801.8691406250
144.9973559552, 5234343.8112077713, 20008038.0000000000
145.0259130399, 7363.8084710920, 22739.3535156250
145.0445562601, 6465.0453678444, 22258.2539062500
145.0647665019, 7456.2641892536, 26498.9511718750
145.0760253527, 68199.2286130339, 250385.9218750000
145.0859532085, 8207.3526768629, 18301.7246093750
145.1010312270, 25254.7157089747, 31036.9492187500
145.1222719158, 44169.9986178055, 160943.4375000000
145.9662716169, 12914.7669609170, 55124.4531250000
145.9689936936, 30136.8695175312, 99576.5390625000
146.0053039010, 12474.8295097984, 46769.0117187500
146.0007160173, 87799.3006037921, 224826.1406250000
145.9972817528, 404714.4088363051, 1558293.6250000000
146.0598806924, 41293.3673785403, 85877.1250000000
146.9373446647, 7182.4571299898, 25341.1562500000
146.9942305037, 382685.6405196190, 1113649.0000000000
147.0015325162, 40106.4370715916, 161645.4375000000
147.0438565620, 7748.4218971152, 29193.2480468750
147.0803886204, 18118.4031157121, 63707.2929687500
147.0914434397, 12281.1648238394, 42410.0039062500
147.1167721901, 29597.2644129768, 48688.4687500000
147.9975177971, 7373.1919435859, 30208.3203125000
148.0393518532, 22773.4806520902, 57716.8359375000
148.0755623498, 189967.5539453328, 320285.4687500000
149.0028039549, 7644.0604690975, 30726.7773437500
148.9972031156, 48112.1871752813, 186552.8437500000
149.0232592457, 775252.2557307482, 2958372.2500000000
149.0596526120, 24800.8852702379, 67893.1953125000
149.0790254951, 7643.0116298050, 25260.6484375000
149.0961090835, 38105.1104882360, 135469.2187500000
149.1072612598, 170681.9799924493, 548580.7500000000
149.1324170922, 35766.4699510038, 98130.5312500000
149.9609283208, 64865.8651996255, 246958.7187500000
150.0264404602, 63057.2381431609, 231698.9375000000
150.0549474492, 6914.5731429020, 27117.6484375000
150.0912479918, 17618.0289433785, 46879.3828125000
150.1105078134, 13825.9820070881, 55783.9023437500
150.9687303756, 120454.4140335321, 111403.9453125000
151.0753341820, 90982.0772944540, 342939.6250000000
151.0865732118, 44013.0764739215, 157238.5156250000
151.0963879529, 293427.0901926756, 641458.8125000000
151.1117086096, 25986.2543764673, 42171.3359375000
151.1228859825, 205864.9092838466, 171990.7343750000
151.1481222934, 10071.3545586579, 30986.8261718750
152.0163507345, 30703.3740515187, 79998.5078125000
152.0705572755, 29486.6291404068, 108480.0312500000
152.0783259364, 7009.9462805055, 26003.6210937500
152.1000386256, 6386.6278033843, 27444.6464843750
152.1069150302, 23232.9882904142, 75542.0546875000
152.1262327034, 28245.4013294689, 101179.3906250000
152.9864182651, 10479.3863862008, 40937.9257812500
153.0336783778, 29775.9846011363, 52650.1171875000
153.0544241836, 25186.8033759110, 74967.3359375000
153.0908793672, 7940.1531248754, 31098.6542968750
153.1021718921, 48122.2778514400, 180322.5781250000
153.1272287614, 27696.9187501483, 68602.4453125000
153.9858031890, 10899.0504708420, 40853.7734375000
154.0861520982, 6505.7412226582, 23972.5195312500
154.1224088821, 27594.4814144969, 66881.5156250000
154.9816649110, 185126.0807203948, 448827.8437500000
155.0019476282, 11651.9292079434, 34745.6132812500
155.0701656287, 34884.2041693404, 124538.0078125000
155.1065190316, 8580.7225100677, 38003.6367187500
155.9816386027, 10671.3985680230, 41331.0546875000
155.9848946374, 6834.5047216201, 24722.1777343750
156.0012549817, 7167.3621934615, 25410.5546875000
156.9428500648, 8840.1212666575, 32370.2539062500
156.9814486213, 32711.7936341651, 99871.0859375000
156.9974666409, 106720.7983467579, 260444.4843750000
157.0177602231, 1352623.8454442024, 4978681.0000000000
157.0496019940, 8898.7943790518, 28804.6347656250
157.0833651966, 56823.1658644229, 167711.9218750000
157.1010682088, 6507.0299944310, 29307.5878906250
157.1222581731, 36124.2720577419, 118971.8046875000
157.9805138049, 25886.0976683535, 41311.6718750000
158.0169052605, 1254350.4108664989, 4783844.0000000000
158.0268198269, 96190.5601988882, 361744.1562500000
158.0212730399, 28305.1703362949, 163236.4687500000
158.1538701578, 46051.3939388543, 72726.4843750000
158.9604377589, 28625.7063121609, 91215.1953125000
158.9767732615, 208214.3381579518, 721832.1875000000
159.0129931651, 12655732.8183078766, 43076980.0000000000
159.0675646416, 29232.2393210828, 72310.7500000000
159.0915260114, 65290.1920448765, 242886.0000000000
159.1167079481, 32286.5098279156, 114980.1796875000
159.9455795872, 25024.4621440023, 39702.7656250000
159.9764226771, 6506.1457074508, 25265.9023437500
159.9845066778, 9415.9158531949, 35832.4101562500
160.0163873695, 372108.5238085985, 1418908.3750000000
160.0129172848, 956493.3407320976, 3574422.0000000000
160.0754843033, 27471.0059502311, 67133.1406250000
160.9732903494, 10101.8245350439, 35702.2109375000
161.0170224542, 125225.3177741915, 338129.1250000000
161.0098283482, 875501.0882316828, 3363039.0000000000
161.0707841634, 7940.8473029211, 28049.5000000000
161.0960184187, 94080.5395400375, 356210.1562500000
161.1072057241, 11159.3811102659, 40042.3906250000
161.1323145302, 57254.9085575566, 100530.9296875000
161.9726135246, 9142.5193313081, 34634.4218750000
162.0132575526, 33412.2913838923, 113904.2812500000
162.0169833563, 5497.6898901183, 31772.3789062500
162.0911674397, 10123.9194131158, 35224.1796875000
162.0990374610, 9227.7243327983, 38237.1054687500
162.9268999840, 13227.9252552968, 41948.3007812500
162.9687725897, 7411.4865169497, 28522.2851562500
163.0129338508, 130533.1633043289, 201524.2968750000
163.0386371280, 63158.0013969392, 230814.8906250000
163.0605850681, 8281.8581020869, 33278.6796875000
163.0752313733, 102192.7918292433, 374001.5937500000
163.0862592659, 8051.8711685706, 32251.7617187500
163.1115615457, 29996.5380143933, 65220.8359375000
163.1228875690, 58477.8532478511, 129296.0625000000
163.1479400778, 34370.0485786647, 96950.5703125000
163.9766161956, 29707.4125591367, 96577.2109375000
164.0784956003, 6848.5353288949, 25820.6796875000
164.0705421244, 41136.6338487118, 118485.6953125000
164.1067369729, 7632.7195093343, 30692.7851562500
164.1259992262, 11775.8532437626, 48721.6250000000
164.9479598260, 9793.6918543968, 38216.1445312500
164.9844239502, 48848.8852892816, 97763.3125000000
165.0909131300, 28258.8660795949, 51417.6796875000
165.1020982854, 121557.2135041058, 300212.0937500000
165.1274456252, 12574.8315236457, 51329.6835937500
165.1385951184, 43769.9365708679, 71227.3359375000
166.0861147419, 13891.3432293069, 53900.3164062500
166.1056865855, 13127.8923994564, 52995.3710937500
166.1226541907, 8803.2386498749, 24708.7460937500
167.0338012069, 107319.1339250654, 380937.9062500000
167.0702093426, 31271.3966557272, 103218.5937500000
167.1065792448, 27717.8818557970, 101581.4921875000
167.1177922266, 45155.2506707162, 158931.6250000000
167.1428492554, 11713.2777804844, 42972.0078125000
167.9716002315, 45639.4624143392, 151413.8906250000
168.0653643134, 7372.0161050810, 28159.2558593750
168.1018842625, 10703.3394314256, 26714.9023437500
168.9345627778, 9831.8954117913, 39377.2304687500
168.9791369896, 7318.4544336749, 35559.8867187500
168.9971519448, 23572.8478241749, 56576.2500000000
169.0463324887, 12006.1398326289, 45247.6679687500
169.0793381298, 18151.6852484420, 69959.1562500000
169.9796171880, 5913.7989686783, 24492.5214843750
170.0810839286, 12618.6109917890, 47702.4570312500
170.0961300507, 7578.0773906326, 23852.1914062500
170.1173560917, 6303.3085572654, 21705.4453125000
170.9137807023, 9739.7725361250, 27285.5996093750
170.9894771470, 6251.2570902826, 21489.7832031250
170.9969884555, 213341.6803838015, 802085.1875000000
171.0128992339, 62783.3781211525, 232568.9531250000
171.0333068255, 496165.4668620825, 1860726.7500000000
171.0623787661, 62563.4845379069, 229338.6250000000
171.1169859959, 6824.0127492258, 24802.0039062500
171.1379832107, 9626.5192143135, 27306.1718750000
171.1490218217, 431729.7074469924, 1639365.5000000000
171.9960469060, 218028.9784322977, 659268.0000000000
172.0081168762, 13325.4073772803, 44673.8046875000
172.0325092756, 467601.6470736861, 1756483.0000000000
172.1523949976, 57901.6304227933, 105318.5703125000
172.1692947037, 23375.0994535126, 79962.7656250000
172.9687644572, 8400.1569288038, 23126.4355468750
172.9923459995, 1963466.2316057682, 7251918.5000000000
173.0286964845, 5253484.4098062515, 20019922.0000000000
173.0783348368, 493969.1206645966, 1878974.1250000000
173.0903938749, 7151.2765267948, 30424.8242187500
173.1071434110, 10390.8890396506, 43130.8437500000
173.1323753629, 11880.0464236904, 44653.4140625000
173.1535975229, 26838.1369160339, 81362.9062500000
173.1647120115, 29483.8768951669, 56214.6953125000
173.9958151899, 60544.5610914677, 193691.5000000000
174.0000580506, 11986.5848369952, 39385.7500000000
173.9921860806, 176337.4998819530, 626427.9375000000
174.0285241157, 431775.8330067992, 1310152.1250000000
174.0322617543, 245723.7442288101, 871390.7500000000
174.0817030401, 37569.6679719687, 136812.1875000000
174.9535372306, 37904.2664518729, 130271.4921875000
174.9849023806, 27435.0631666966, 110773.8593750000
174.9965630526, 10576.6008096207, 53598.0312500000
174.9889642508, 165771.5701773167, 571223.6875000000
175.0081187645, 8997.2437094487, 17426.1425781250
175.0323921758, 59058.3305439577, 218656.3750000000
175.0255050062, 398569.9946961999, 1194525.8750000000
175.0862315940, 7570.8226065710, 31535.3847656250
175.0963510135, 9469.2867641952, 19929.7363281250
175.1116330720, 19476.6319017746, 63863.1289062500
175.1227277211, 10308.2539074961, 29140.4550781250
175.1328058422, 38772.9622355253, 39998.1015625000
175.1480597713, 9870.2439794540, 26972.0253906250
175.9884705656, 15369.9683022499, 53169.8867187500
176.0286607237, 6406.1862546019, 27332.8007812500
176.9325895034, 7673.9232627964, 26396.2988281250
177.0545283120, 27907.7876414731, 93757.4843750000
177.0908276450, 25622.9707065970, 82867.1250000000
177.1019315290, 11626.1314168181, 47768.7382812500
177.1118516654, 41903.7992644235, 92018.5937500000
177.1272296308, 8237.1216904856, 27470.3203125000
177.1383889889, 9601.3906613421, 31351.4941406250
177.1636512554, 46912.3546087891, 87252.0156250000
177.9562697476, 31225.9382014498, 96992.0546875000
178.0859495686, 9117.1260846537, 30620.7109375000
178.1224862756, 7804.4548243796, 30394.3730468750
178.9633789306, 7222.9898030208, 24552.6386718750
179.0701618013, 31132.9639731385, 109474.9296875000
179.0914495401, 6850.4853025870, 31238.9824218750
179.1065104716, 52653.3613119349, 189220.1406250000
179.1177651146, 99780.6610194892, 356891.5937500000
179.1429037350, 26856.0036515445, 42840.2578125000
179.1541888593, 23994.7559934780, 56611.8945312500
179.1794446447, 8947.9332015179, 33296.8281250000
180.1019016932, 12509.1993998587, 43733.7304687500
180.9375472478, 10038.7508306727, 32775.3906250000
181.0106741415, 62807.2514154091, 231788.5312500000
181.0493708966, 32262.9069619328, 55061.3398437500
181.0645351872, 7524.7248611376, 25738.5937500000
181.0712769267, 24952.0293088742, 79460.7187500000
181.0859648606, 24674.7509817109, 78691.3203125000
181.0971816827, 6662.2515067915, 24527.3476562500
181.1221442356, 25431.1232175343, 52971.2890625000
181.1333711777, 25828.4493919760, 77318.1015625000
181.1586904239, 46598.6796840280, 170007.3281250000
181.9870931818, 10991.2755262163, 36097.1015625000
182.0094880264, 6953.7322458792, 25720.4335937500
182.0809789637, 8682.7196361739, 23633.4980468750
183.0805408841, 6483.5286074979, 22655.8925781250
183.1014604932, 13274.1475436874, 50166.6445312500
183.1743694571, 11850.4261791874, 42271.0703125000
184.0968485230, 10581.2851107139, 39545.4570312500
184.1330663351, 7274.9250743976, 27083.0000000000
184.5149431752, 8795.9958082885, 29668.1035156250
185.0126769224, 87458.6400106251, 229190.4843750000
185.0418983935, 24207.2588795871, 63618.4296875000
185.0783160721, 5512.0985943722, 21544.8964843750
185.0960212789, 9200.3286604937, 29035.7597656250
185.1146642423, 208455.7359785438, 569791.4375000000
185.1534681157, 8432.4382870048, 24861.0937500000
186.0118202806, 87406.5466032624, 309386.9062500000
186.0238396301, 9205.6149614025, 28464.2539062500
186.1180235852, 12366.3635211326, 38893.9218750000
186.1850902396, 37238.4464883581, 116101.1562500000
186.9900453163, 11729.3374929037, 39201.3710937500
187.0078668182, 952240.9421527386, 3589750.5000000000
187.0867415350, 6888.0001134919, 26993.7421875000
187.1116483314, 11475.3157384656, 40418.1132812500
187.1263794863, 61402.0425276086, 162257.3281250000
187.1480480121, 11524.7615926154, 24839.8144531250
188.0113799748, 43445.4116376489, 157728.3906250000
188.0076126198, 70646.6933285743, 241655.2656250000
188.8958813142, 12679.7242102008, 48015.5468750000
188.9245048228, 8281.4824056420, 23392.7558593750
188.9690116002, 18039.2946625501, 53411.9414062500
189.0004224230, 50492.2236008644, 176185.9062500000
189.0048099810, 87501.8926842064, 302612.4375000000
189.0908840933, 6741.3300329102, 28810.0097656250
189.1274977086, 11450.2099037133, 24291.2812500000
189.1636241894, 29048.9839421660, 64770.2929687500
190.0861523331, 7221.4557717778, 29215.6289062500
190.9578698329, 10184.1041171458, 28634.7890625000
190.9893415813, 8987.4870263487, 30788.6093750000
191.0701964424, 12240.3503964469, 41371.0078125000
191.1067243574, 8797.4113383256, 33141.4101562500
191.1429264976, 46642.6615750641, 166974.7968750000
191.1792488960, 12707.7149067037, 44828.8750000000
191.9716132264, 60432.5021492690, 116411.1640625000
192.1016107430, 10673.7225330174, 40136.8007812500
192.9644049223, 101356.8018294573, 270614.9687500000
193.0495765403, 12209.4959714208, 32155.4218750000
193.0649157026, 8745.5454433747, 30482.9648437500
193.0860071448, 11717.5716782082, 44657.7031250000
193.1221015650, 27816.8378443345, 54434.0390625000
193.1339897855, 10571.0614823326, 34731.6679687500
193.1585952196, 12529.9821246024, 48284.0703125000
193.9475930776, 5738.1469601262, 17143.4414062500
194.0963706841, 87556.7235490531, 195953.0156250000
194.1174474040, 246398.1064192355, 942269.1875000000
194.9434013678, 25903.1565972231, 95203.7031250000
194.9528939324, 7442.0960084125, 27669.6855468750
195.0263364745, 75322.4751766175, 228794.8750000000
195.0649807233, 6139.3005575575, 22853.8515625000
195.0875587465, 390840.2882658839, 1016871.3750000000
195.0994148479, 7758.4820731841, 39332.8828125000
195.1125356523, 11331.4677542225, 39468.0117187500
195.1226492123, 157064.6984118521, 621814.5000000000
195.1377577463, 25447.1161401458, 45191.7421875000
195.1740971320, 9318.3103444930, 35882.1914062500
196.0907453219, 34623.1580820903, 95422.8750000000
196.1330265671, 22499.5612589195, 37762.8593750000
196.1692675580, 7932.1348049175, 32352.2421875000
196.9039072562, 6862.7368361903, 25476.3515625000
196.9323085831, 6147.3453462478, 23914.8984375000
196.9657863353, 17476.5758739598, 64446.4492187500
197.1169646714, 6238.7726398874, 25442.8164062500
197.1533126823, 18131.1179306768, 62285.8945312500
197.1897759860, 13208.7445173021, 55226.1054687500
198.1848857754, 9938.6501256134, 32973.4140625000
198.9451403783, 41051.4067096189, 90090.8984375000
198.9844317638, 25468.0209725723, 89717.0859375000
199.0096640336, 8176.7442223597, 46882.6992187500
199.0575391324, 28087.8087999597, 27490.1035156250
199.0753385001, 76412.0903306007, 262852.1250000000
199.1478749451, 8854.9278402198, 28374.0468750000
199.1689805114, 29646.3097484261, 104748.3203125000
199.1804148895, 95773.3085602969, 218986.7968750000
200.0271110438, 10138.0114018600, 37082.0664062500
200.1279896220, 38989.9497687519, 58428.6210937500
200.1837993889, 21983.3249643445, 78376.7968750000
200.2007760085, 34682.1215496957, 64332.4960937500
200.2372993717, 8597.1276847273, 30978.4843750000
201.0055425770, 100642.1616434008, 369307.1875000000
201.0234098492, 85205.8813683242, 319810.0000000000
201.0369219338, 6907.4289980317, 22828.7675781250
201.0581643577, 10365.5602658521, 35716.3437500000
201.0731927460, 82516.7529566288, 168143.4843750000
201.1271013190, 11475.3260409143, 39536.5156250000
201.1848097154, 7806.9008854674, 30968.6835937500
202.0233402694, 6086.0705227265, 22747.5000000000
202.0765461872, 11532.0310543645, 44720.4140625000
202.9401134619, 19973.7298073582, 48617.9218750000
203.0161688300, 50047.1429789960, 188527.2812500000
203.0703477825, 6943.0004899409, 28575.3632812500
203.1065281161, 8151.8325810982, 33102.6093750000
203.1428991139, 13463.6249412168, 43722.0273437500
203.1793777072, 21083.4278680347, 58474.0078125000
204.8195137334, 8540.3107367121, 28746.7734375000
204.9649000243, 6839.3324904684, 27519.8945312500
205.0005268695, 87096.2770010233, 270360.0000000000
205.0051810541, 47586.2432388067, 145104.3125000000
205.0156596645, 13290.3045019787, 48869.6406250000
205.0969812819, 59435.2815154865, 217390.0468750000
205.1221615493, 19974.7938874103, 71072.0937500000
205.1586259423, 9394.0644034930, 37476.8945312500
205.9875356621, 7317.5853681918, 26005.6816406250
206.0000510895, 9085.3522981610, 30781.1132812500
206.1006068343, 9533.4910082147, 28948.5605468750
206.1173590413, 11531.3593864404, 42728.4648437500
206.9530252733, 6947.8364494629, 19883.7832031250
206.9798161975, 48275.1759094894, 79519.0937500000
207.0651602071, 12541.4530206975, 49999.1523437500
207.1012165314, 8006.0697172545, 34376.2460937500
207.1377171636, 30958.1361733824, 94802.8984375000
207.1589723565, 218478.0729146004, 834908.0625000000
207.1743072082, 39761.7354364619, 146029.1718750000
208.1623004336, 11272.3062506560, 34147.6093750000
208.9588364690, 28123.4723552167, 84080.5546875000
208.9922699517, 9650.7926640436, 29105.4238281250
209.0054720618, 40380.4372828528, 75139.4687500000
209.0808546740, 8830.3176897354, 32961.1835937500
209.1167589341, 6935.5793532534, 32055.4785156250
209.1281744189, 9626.5600718874, 30622.4746093750
209.1644469355, 7009.1851760997, 28246.7753906250
209.1533720299, 31684.0833409317, 93387.6015625000
209.1897920879, 20148.8876376934, 58988.5429687500
210.1123676333, 12276.5170986410, 40485.7929687500
210.9194686343, 31678.0795669295, 98142.1328125000
210.9480771320, 41018.4987512007, 114495.9765625000
211.0079214802, 7282.7080350658, 27973.5507812500
211.0440568759, 8829.3599933479, 34734.7187500000
211.0598742581, 27557.3559681848, 82757.4531250000
211.1077302611, 6598.0960528729, 18282.9140625000
211.1438847873, 39876.1153354496, 135501.7187500000
211.1326535360, 29591.7653048672, 95225.7578125000
211.1691304842, 29548.1363497451, 80432.4375000000
211.2054226585, 6715.9144931762, 25885.0507812500
211.8909099299, 8078.7174013639, 25003.2460937500
212.0735280584, 6412.2047440214, 25780.5332031250
212.2006663359, 12906.1489625648, 46808.7304687500
212.9243356494, 10611.2434648536, 34715.2343750000
212.9607621643, 23731.2642634027, 30857.3398437500
213.0732305224, 27259.3247339390, 94198.9843750000
213.1093672711, 53427.8299310133, 193140.7343750000
213.1595710418, 13720.6087817457, 46094.5742187500
213.1847162183, 27469.4029948786, 77998.9843750000
214.0253784797, 8909.5506968629, 38044.0195312500
214.0894587938, 186370.9123906493, 503318.3125000000
214.2161542563, 8669.3233268838, 29507.2617187500
214.9765506693, 7503.0329012666, 26818.6191406250
214.9847955896, 70366.8758275360, 221630.1093750000
214.9893760532, 9730.3269517552, 31343.6992187500
215.0212047372, 84596.2034323663, 162567.1250000000
215.0392008878, 7918.0566133112, 30252.1562500000
215.0884751242, 59266.4866772592, 202629.5156250000
215.1252554544, 245445.8577764928, 914075.6250000000
215.1429958548, 12597.0945209526, 35712.8320312500
215.2003058791, 10517.2039017063, 39889.8750000000
216.0854780876, 8190.1127602030, 30098.0507812500
216.1285237926, 12709.8680744581, 48202.2109375000
216.8908984914, 7064.3012514701, 25710.8183593750
216.9558783568, 116987.4403311610, 229664.9218750000
216.9815776074, 6192.0371882869, 25886.1347656250
217.0003552054, 7649.9347291579, 28935.1347656250
217.0205825183, 24066.1646430269, 43896.7656250000
217.0853838284, 10408.7380045354, 35457.9375000000
217.1045316603, 365232.9246743917, 1317271.7500000000
217.1221927402, 11687.8785901088, 39420.1250000000
217.1589088684, 27300.0564500615, 81861.1171875000
218.0200569588, 48808.2573626265, 82043.2343750000
218.1079593624, 16226.6273035947, 50608.0859375000
218.9560578010, 23739.4561190121, 84090.6406250000
218.9940252822, 9153.5115157589, 33740.2851562500
219.0209164801, 75101.0986241251, 282970.3437500000
219.0160885740, 321609.8785821795, 889392.7500000000
219.1380055574, 12419.2686645929, 47690.0156250000
219.1741907850, 49266.4453849494, 180399.5000000000
219.2107709219, 12149.3004366122, 33553.3828125000
219.9993718890, 10644.2051368915, 30712.2500000000
220.0159291690, 29245.5628528185, 74481.2421875000
220.0202908995, 8323.7451883685, 25576.0937500000
220.9404702005, 6854.6159474989, 26990.2578125000
220.9686533885, 37268.2911853567, 110053.1171875000
220.9955575014, 55500.3420157433, 165898.2031250000
221.0131050353, 26927.5759074986, 81558.5703125000
221.1173649165, 10522.2260482702, 47139.8476562500
221.1533800957, 28425.8165566176, 95764.9531250000
221.9783343031, 7876.0445482684, 17584.6582031250
222.1122840890, 11968.8186177798, 34837.6093750000
222.9842696584, 28555.6761929914, 96966.6328125000
222.9924777264, 7126.6598654566, 27446.5488281250
222.9746963488, 123495.9712746292, 436052.9062500000
223.0210343233, 11401.1958718579, 41189.0664062500
223.0078997774, 19644.5820685439, 59399.9882812500
223.0638251286, 9393.0150066335, 27499.1464843750
223.0939192153, 12714.5894577615, 51404.9804687500
223.1326581234, 23308.0114924572, 70304.8359375000
223.1436321643, 7521.5625156984, 25783.8125000000
223.1689995590, 34272.1573526114, 115128.9609375000
223.2055267935, 10737.3972135615, 34771.9570312500
223.9738839481, 7714.7117896024, 31238.2832031250
223.9788951169, 16961.0807090402, 38215.8984375000
224.1281456508, 41390.7137195319, 150100.0625000000
224.8985562009, 9531.9987821709, 33143.9375000000
224.9351653167, 25627.1314429715, 79071.0546875000
224.9717828647, 7404.4744096966, 29157.4394531250
224.9545469443, 9152.5053979885, 33455.4804687500
224.9637067425, 131961.2008624077, 495215.9062500000
225.0235864961, 12021.1372701284, 37218.3007812500
225.0431674558, 6742.4271900402, 26683.8203125000
225.1101212791, 6185.2784943739, 30214.8652343750
225.1311618519, 7466.7981077014, 28324.9921875000
225.1482340640, 13575.1404952910, 34275.5234375000
225.1958676445, 7930.7943143509, 22428.7968750000
226.1222395711, 13331.4397691973, 44625.0390625000
226.8753375300, 7312.9011527468, 31202.9609375000
226.9399493156, 62089.4571280777, 206990.5312500000
226.9611160481, 6778.9939458948, 27938.9140625000
226.9666274519, 9460.2899087016, 34539.7031250000
227.0051954123, 59882.7793795764, 227227.5625000000
227.0391347680, 31567.7738021091, 78352.9140625000
227.0891117492, 6990.2886690153, 31766.2324218750
227.1749151187, 7929.5645696037, 26716.5957031250
227.2001120405, 7228.2127152514, 27625.6875000000
227.8181860737, 9173.2969337478, 36513.3046875000
227.9383951079, 8364.1747901347, 25780.1718750000
228.0042065011, 55653.5350584313, 203185.7343750000
228.2320518222, 112181.2398728579, 142892.1406250000
228.9398110300, 38945.7698747814, 136360.2812500000
229.0004629010, 496392.8843478560, 1308051.2500000000
229.0548338331, 8709.7476260811, 26445.8691406250
229.1045117011, 33955.2737544104, 101629.2812500000
229.1222524398, 9425.1300067045, 32125.1093750000
229.1408399430, 2811676.0029873848, 8670225.0000000000
229.2162289534, 23643.7136139274, 81698.0703125000
229.2353256737, 24374.7414736860, 22460.1523437500
229.9995903759, 50009.1414282918, 153875.0937500000
230.1441326665, 323073.6955801249, 573436.6875000000
230.9349919394, 27927.0483335145, 91823.1250000000
230.9712050910, 50656.7000957653, 199928.1093750000
230.9974996954, 60918.4748191237, 119211.1875000000
231.0364621705, 13928.1637187339, 59810.7265625000
231.1378052444, 23673.2905408144, 80246.4218750000
231.1448863829, 14447.3768871520, 44108.7460937500
231.1742234796, 12625.3713085316, 41698.4140625000
232.0355411264, 29447.4720919356, 72442.5703125000
232.9590574991, 95385.9879127145, 334496.3750000000
232.9717133638, 42781.1045491099, 149387.8281250000
232.9996158296, 48855.1932056621, 143172.5625000000
233.0317073425, 256738.4991432130, 973558.3125000000
233.0783121560, 24109.2538863197, 47819.9140625000
233.1169572009, 7786.3360090833, 28432.9726562500
233.1533971259, 29005.5569194444, 80956.0781250000
233.1744236901, 26111.8121681437, 69036.2109375000
233.9587452618, 13858.1946822982, 53585.4492187500
233.9883786210, 10418.5301518347, 40711.9101562500
234.0316271003, 25833.0284341834, 62155.2929687500
234.9951090112, 11321.7014731131, 38340.7187500000
234.9841069229, 71423.7640644312, 265583.8750000000
235.0118472690, 61604.5634856299, 216478.0156250000
235.0285539787, 28509.3828881495, 68430.6015625000
235.0962737236, 6737.9774664044, 27838.7890625000
235.1328249844, 12789.5351272728, 49250.1679687500
235.1690153677, 108072.9741359949, 52307.0820312500
235.2053371804, 8205.3617946897, 30948.8339843750
235.9944013819, 9812.5880422816, 33333.5820312500
236.0714515879, 43100.8740657195, 66494.7421875000
236.1724954565, 16646.1350278631, 45204.1054687500
236.9837925553, 46517.9624019563, 173182.2031250000
236.9902077858, 121805.7941567451, 441969.4375000000
237.0235835470, 6731.9877609257, 29621.6191406250
237.1594844866, 9360.4422654491, 35590.5000000000
237.1696298295, 7409.5823828261, 29013.4648437500
237.1481755842, 29804.1944907345, 106891.6640625000
237.1847734931, 18881.6846843660, 48695.9609375000
237.2211850853, 25059.5740339458, 76837.0468750000
237.9830734580, 49155.9688812569, 171117.5468750000
237.9892741832, 13934.5873175226, 52962.0976562500
238.9142190036, 42907.7036806047, 106854.6093750000
238.9508822726, 24109.3162293434, 49352.8867187500
238.9699339431, 72732.4424308836, 266744.8437500000
238.9792124790, 399173.2835509777, 1243965.3750000000
239.0885871056, 7859.7930077752, 23738.8945312500
239.1487031187, 137119.6058076918, 479895.9062500000
239.2002260432, 8336.5880905092, 26906.4609375000
239.9785430738, 11516.1204137541, 38541.8984375000
239.9834452091, 8430.5189496130, 24437.4140625000
240.1229498452, 6181.9921335345, 24426.0234375000
240.8905042325, 7764.8300298760, 30791.1230468750
240.9553606598, 7865.8104537977, 31027.7597656250
240.9761141836, 24662.9566151425, 74762.0000000000
240.9842474464, 11614.8035855219, 34949.6328125000
241.0183110142, 12560.3403150160, 36196.2031250000
241.0901444655, 7912.9302645233, 30390.9472656250
241.2159833443, 12925.0247436762, 50623.3906250000
242.8903397526, 7412.9058911437, 27479.1914062500
242.9290727684, 19786.2083341219, 64389.0546875000
243.0699887979, 10081.7757937293, 37481.3007812500
243.1202430424, 25194.1380149573, 42481.3554687500
243.1377789822, 10365.8285697941, 31567.6113281250
243.2318379780, 29392.9696726799, 102817.3203125000
243.9427779272, 24031.3220338859, 84198.0546875000
244.8856005089, 47835.0637535751, 70616.7109375000
244.9506520933, 128775.8926779181, 486990.8437500000
244.9869282529, 32732.1953457929, 114602.1328125000
245.0093004343, 9391.1424044948, 37167.6328125000
245.0522580357, 8921.2052979469, 23091.2480468750
245.1283187082, 11467.2371217329, 45495.7109375000
245.0994533169, 30596.4274353273, 110108.6875000000
245.1148475134, 117398.3642409742, 448485.7812500000
245.1530638545, 25419.5608761981, 97284.5312500000
245.2262955209, 24395.0417004116, 51202.2617187500
246.9505928472, 26779.4192102589, 99093.3593750000
246.9745861494, 8023.4071754673, 28059.9628906250
246.9870818408, 10400.4104339741, 41373.1250000000
247.0107095131, 13258.7104358952, 47574.8710937500
247.0160648416, 8706.5235870238, 28401.6933593750
247.0477285575, 54782.6505437642, 173361.0937500000
247.1324606679, 13811.7686343659, 56260.9140625000
247.1690393066, 8080.3818102470, 35255.7617187500
247.2417141234, 54494.8998600319, 194268.1875000000
248.2453065301, 7685.9335501436, 20957.0546875000
249.0418030190, 7616.7544203922, 36718.7734375000
249.1276221138, 46281.7267534360, 147790.4062500000
249.1484610563, 41295.5215589255, 98006.7265625000
249.1846083492, 36433.3797383010, 137600.2187500000
250.9349880443, 37438.8257698193, 122783.2890625000
250.9707910863, 10072.7579811178, 38359.2812500000
251.0060439371, 32237.8175577149, 115365.6328125000
250.9995089565, 108591.1932061762, 402839.3750000000
251.1260466936, 8087.5679037496, 35051.8593750000
251.1633366000, 6946.5035976777, 30774.2011718750
251.2000087501, 12183.5866777506, 49143.9023437500
251.1850312942, 214583.0860055387, 811780.5000000000
251.9337973100, 44675.4682756066, 132597.6875000000
251.9986420692, 89879.3864852637, 158457.3906250000
252.1884017717, 25630.8604010753, 34113.0781250000
252.9300134745, 159794.3099215627, 510620.6250000000
252.9660690107, 21464.2758481130, 62359.4648437500
252.9948233006, 871994.2793848515, 3107170.5000000000
253.1039724604, 6487.7796842931, 24716.5488281250
253.1431092388, 8355.7627086733, 28105.7050781250
253.1793819168, 12150.2307279203, 47731.0625000000
253.1948584034, 31871.8655797690, 109273.3984375000
253.2140584407, 26022.7983067855, 66490.0937500000
253.9293663570, 37809.2095439285, 67113.9687500000
253.9942781602, 60090.5649550185, 238305.1406250000
254.9263920385, 25579.5406900011, 91929.9453125000
254.9822399910, 6357.8724616971, 26797.2109375000
254.9917436349, 52942.7001687735, 196996.5000000000
254.9987391911, 21564.6230744831, 81166.2343750000
255.1357787282, 10783.6445694137, 51289.4453125000
255.1564613152, 98989.6393591911, 185399.6093750000
255.1952607502, 10984.2220911868, 43929.9257812500
255.2105889060, 19727.5646826997, 58212.4062500000
255.2318384875, 23082.8774520010, 59783.4921875000
256.1599518955, 13476.6006552391, 53593.6132812500
256.2634516726, 7213.1982425265, 28748.6894531250
256.9058907917, 32058.7487070635, 69452.5546875000
257.0492219315, 6868.5491801742, 30811.9316406250
257.0861554290, 22848.3639125377, 69083.4531250000
257.1357813776, 37396.1267868057, 67038.7343750000
257.1535071852, 7178.5813399768, 28790.8007812500
257.2472458379, 55302.5885378793, 98247.8359375000
257.9049898311, 35399.1769115105, 110290.2421875000
257.9587016809, 6512.0793744475, 28540.4023437500
258.9012675518, 219457.6945472062, 496552.8125000000
258.9663325623, 108441.1537144184, 376133.0625000000
259.1150865200, 58587.6767733172, 216838.5781250000
259.1325095668, 12670.0684382636, 43812.9960937500
259.1441435013, 9459.6591258682, 39204.4218750000
259.1513922438, 24701.7982556857, 91166.9140625000
259.9011830478, 23917.4768853746, 48347.9414062500
260.0396388458, 19443.3103484735, 65550.8750000000
260.0826356497, 7160.7702553021, 27663.5234375000
260.8976521695, 11638.2855958585, 32494.6210937500
260.9664440021, 13195.0396628808, 43744.6445312500
261.0137984427, 9982.4783494622, 36762.7812500000
261.0782830155, 87592.9783063680, 268001.3750000000
261.1108462423, 6461.6480225595, 28206.8242187500
261.1235834042, 11918.2020433284, 45834.7187500000
261.1305067260, 89416.7709856033, 333297.2812500000
261.1485231778, 16118.1101961825, 66050.8593750000
261.1846626690, 18198.1395779736, 45401.5468750000
261.2217549340, 9189.8815454748, 36665.4609375000
261.9531891996, 7742.4663442951, 22083.6347656250
262.0814350545, 12432.9434041623, 41572.5820312500
263.1257743065, 6796.2545622587, 32772.2773437500
263.1633597878, 25062.0278218687, 79517.6484375000
263.2367418328, 88269.4036282003, 195807.8125000000
264.2401852384, 12889.2927475814, 37628.1640625000
264.9500673032, 10440.0861546043, 38864.8867187500
264.9673950164, 25395.7187204324, 41343.2148437500
265.0154103220, 57480.0832794756, 199476.8437500000
265.0744236684, 6649.1120838597, 26660.8125000000
265.1049760105, 10642.7416608427, 37524.1445312500
265.1420932145, 25255.3504102603, 41826.1875000000
265.1792114122, 10202.5979811996, 44111.5273437500
265.2524003735, 142457.9508911073, 538969.6250000000
265.9496395536, 7825.3216307536, 16509.8359375000
265.9851653805, 6662.9253300019, 26077.9667968750
266.0141761559, 56935.8467179090, 216677.5312500000
266.2560560351, 13438.1223486811, 57584.8164062500
266.9456765528, 94280.3953338265, 203219.9843750000
266.9736929632, 24645.4468330629, 94212.2343750000
266.9823058458, 12248.1776598468, 45706.5390625000
267.0104513137, 377883.1510562301, 1208877.2500000000
267.0906327479, 22179.3653794304, 54547.3515625000
267.1212240297, 7644.5119827176, 33942.0351562500
267.1582560218, 32358.3532496057, 122795.9296875000
267.2293018391, 38907.2977135032, 73283.5781250000
267.2594035247, 7230.5678649349, 27849.7890625000
268.0104851400, 8935.2017028611, 58347.7890625000
268.0898348465, 12493.6679741144, 37440.0625000000
268.9260596909, 9613.9884427991, 28150.4687500000
269.0072325289, 31263.1362024248, 116985.1328125000
269.0149374684, 7057.2995488225, 32245.8535156250
269.0859687629, 162062.8788381517, 376153.6875000000
269.2088015789, 51717.0264302492, 195905.6406250000
269.2473368379, 50363.8151128292, 118835.9765625000
270.0895617050, 8073.3062823266, 26614.3964843750
270.2504030991, 9435.9240891542, 26916.6015625000
270.9218594213, 24451.3147319704, 77567.9687500000
271.1013273363, 26505.7517647892, 89552.5234375000
271.1146144248, 12591.8361335155, 44502.7656250000
271.1685639975, 22053.6024193317, 74424.0546875000
271.1513157970, 32152.3300871029, 115166.5546875000
271.1876770914, 8137.9237690121, 29503.8300781250
271.2055694889, 19852.7767699845, 56055.3398437500
271.2266464284, 9946.5189950559, 33763.6562500000
271.2629600108, 239864.9040169418, 858100.0000000000
271.9090424190, 32721.9787934683, 94103.6796875000
271.9203189694, 18981.2260633223, 34321.4648437500
271.9749656418, 9764.3534743246, 34420.2304687500
272.2660356786, 40056.2510976717, 112849.6718750000
272.8797385725, 9195.0336421281, 26775.6210937500
272.9170204434, 127465.7643518746, 461670.6250000000
272.9815213674, 12475.6531869955, 51830.7382812500
273.0596628373, 5954.3459251272, 23572.4277343750
273.0985719246, 8830.5683166124, 28115.6816406250
273.1844201656, 36170.0762164071, 124101.0234375000
273.1477767945, 9128.2722995169, 40641.6289062500
273.1669819538, 505496.4432717562, 1913099.5000000000
273.2054991684, 10227.7072501015, 24588.5058593750
273.2213795470, 8264.8744548392, 32031.2988281250
273.9170334141, 7199.2418222036, 15454.2128906250
274.0547031268, 9302.7641910147, 32974.0312500000
274.1068357076, 6776.8301537400, 19767.9687500000
274.1702783963, 79001.6278983802, 231064.9218750000
274.9137690813, 6677.5129373800, 21868.4550781250
275.0241177666, 46046.9587787092, 134551.0000000000
275.1634006102, 6312.9229377927, 26566.6875000000
275.1999717077, 11828.0765576586, 47004.0898437500
275.2578033460, 62626.2985237092, 237890.5000000000
276.9710656694, 9971.4519776125, 33705.2187500000
277.1422795561, 10723.5375142191, 41648.0273437500
277.1793639156, 26216.9619536251, 63362.3593750000
277.2160195017, 38589.9386176765, 133248.3593750000
277.9698915020, 11884.1195823681, 44191.9843750000
277.9867126914, 6683.7538035065, 26453.5917968750
278.9909946437, 9768.3280181512, 46443.2578125000
278.9660877555, 176808.0870774090, 673615.4375000000
278.9828826764, 38773.3261232972, 134049.9375000000
279.0314351261, 8548.1998588312, 30897.8144531250
279.0495568494, 13717.9345478341, 52028.2304687500
279.1589542135, 184535.8432190120, 703274.6875000000
279.1937014423, 20484.5516312979, 51664.6289062500
279.2317457216, 28165.7020044513, 88608.8437500000
279.9651300109, 185758.1473963857, 405583.5312500000
280.1618691675, 34866.9097920954, 96210.3046875000
280.9611615741, 912322.9875963926, 3529970.2500000000
280.9893625486, 13259.7842131015, 50015.4101562500
281.0261394640, 113973.4544240832, 432487.7500000000
281.0861146621, 12893.7478081845, 38906.1757812500
281.1380630562, 9389.8953018840, 37033.2460937500
281.1736409930, 9864.6961548459, 35405.3359375000
281.2100916599, 9212.1985783521, 30634.7500000000
281.2462384257, 6344.6406689472, 20780.3593750000
281.9606060699, 110972.7453795224, 391942.2500000000
282.2213504915, 23585.4743996561, 69664.2421875000
282.9413931600, 8070.4822872998, 28948.2949218750
282.9580034903, 132969.1623741090, 463103.3125000000
283.0658039622, 6776.4390232284, 25633.5449218750
283.1748677713, 114545.2908274978, 389412.1250000000
283.2628373295, 32876.2178178728, 104368.2109375000
283.9575872790, 12291.2852626294, 32588.8027343750
284.1782597565, 13063.1514347307, 50597.4960937500
284.9302274087, 7066.5567750428, 28308.9414062500
284.9609312702, 6777.5116480645, 27153.1269531250
285.0807354646, 8200.9919274133, 32019.0273437500
285.0939446378, 8088.4649157254, 32933.4218750000
285.1175004379, 7081.9602874918, 26688.7382812500
285.1845722491, 25788.2198266722, 55186.6914062500
285.2420737201, 11059.2281004675, 36240.8242187500
285.2784863015, 23700.3780504763, 45489.1562500000
286.2119156407, 7541.6669752635, 27589.4394531250
286.8956590337, 6814.1103459131, 26775.2109375000
286.9977486628, 9780.9099992197, 36924.8242187500
287.0417599461, 6669.6368789133, 28030.6757812500
287.0964638521, 12132.8782453034, 51342.2695312500
287.1267944671, 6950.1190444808, 35288.2500000000
287.2002670912, 26802.5450376458, 36211.2851562500
289.1252754679, 11904.8870065045, 46162.8984375000
289.1414006234, 31803.5033607297, 126500.5468750000
289.1791253760, 6639.0465969667, 26017.1562500000
289.2734516507, 52514.8363991827, 197321.2656250000
290.1818315388, 6827.0690377792, 26523.1601562500
291.0703629415, 11512.5416556653, 37016.2343750000
291.1111829095, 8004.8397083431, 29830.8085937500
291.1225940079, 8226.4653042238, 33861.4726562500
291.1447975517, 12853.8699350189, 49925.3125000000
291.1577254235, 7502.8739177519, 25443.4199218750
291.1950814418, 24202.1509783491, 62769.2109375000
291.2313824767, 30597.5485310666, 96671.7578125000
291.2166222918, 51129.0806513280, 184352.3437500000
292.2348035873, 6876.0723650903, 23981.7011718750
292.9920262099, 13005.0680876523, 50570.8554687500
293.1357268805, 7284.3030654592, 32568.5214843750
293.1729755505, 12611.8347714692, 45128.1171875000
293.2088930600, 10044.0615943931, 45018.6718750000
293.2469136852, 7588.0545210950, 27491.2148437500
293.9910150786, 10585.8163169790, 45287.1523437500
294.9406734307, 39110.5162441656, 95362.7421875000
295.0051624743, 32500.4169124700, 109283.1640625000
294.9873448659, 106470.9962815791, 403768.2187500000
295.1020367283, 15707.6580918804, 53303.3632812500
295.1884421101, 21246.3067644909, 60584.9023437500
295.2244621062, 40963.5214506984, 165967.7968750000
295.2628802913, 76850.2864071578, 245854.5000000000
295.9401930138, 6537.0813633231, 28266.1796875000
295.9867872727, 9020.7959877681, 28615.6777343750
297.0817302918, 9415.3114428688, 29683.6054687500
297.1664969116, 9444.0191721916, 29957.0488281250
297.2398766293, 241390.4913274348, 500402.7500000000
297.2785752374, 299174.4603750110, 703784.3750000000
298.2434090098, 48771.3648661301, 183273.4218750000
298.2818541157, 59089.3685638979, 91339.7343750000
298.9459334823, 9820.2839714736, 32229.5585937500
299.1099352456, 88921.8932356983, 332451.1250000000
299.1328679239, 13594.2447133884, 55534.8359375000
299.1668904039, 13331.7003683168, 53363.9687500000
299.1995998959, 8346.7541912291, 33806.1171875000
299.2579413378, 25878.5629680790, 84244.0546875000
299.2941116393, 207024.5289604962, 572857.5000000000
300.1129617783, 8149.0630275225, 29170.0195312500
300.2616278268, 7246.8711832128, 28360.5917968750
300.2976190212, 34883.3993455693, 107505.4375000000
301.1120138978, 23614.9804366753, 46809.4375000000
301.1408812924, 64313.6857142672, 130595.9140625000
301.1618863084, 25059.1502411775, 85806.3281250000
301.1790772892, 10878.0615907256, 46689.6015625000
301.2155019054, 16081.7865859605, 53534.8593750000
301.3004731067, 6958.0747637860, 27195.6601562500
302.9410654497, 9731.1155073438, 42467.6093750000
303.0706067826, 10645.7495596688, 46266.9414062500
303.1938731855, 10036.1448394787, 40843.2851562500
305.1042218695, 13276.6345008742, 54123.5781250000
305.1726554714, 6813.7085944405, 27529.1757812500
305.1570415466, 37463.8136121631, 139171.3125000000
305.2100985727, 11067.1467210501, 32086.9414062500
305.2471375225, 7350.3083228059, 29188.4433593750
306.0755931985, 22994.7939586528, 80767.9843750000
306.9427974889, 21343.8158313408, 63513.0546875000
307.2244430174, 44224.9804091230, 161386.1406250000
307.2125289979, 6010.0901323026, 55001.7109375000
307.9421251224, 30029.0870601535, 96196.3203125000
308.8994458692, 13352.9508198295, 53093.6523437500
308.9375272128, 103814.5023951530, 394584.7500000000
309.0033655951, 8360.7073337138, 38369.3828125000
309.1304838278, 9336.5300853997, 37781.3437500000
309.2035667793, 22722.7225125283, 74262.3203125000
309.2274881231, 53713.8047741801, 164686.4843750000
309.2403084117, 75275.8182922006, 280448.3437500000
309.2785759974, 6759.0073687416, 29112.7363281250
309.9381629810, 31572.2740349881, 109772.6718750000
310.2071562056, 7926.4605937004, 25629.9609375000
310.2304095094, 8897.8455837872, 35556.6757812500
310.2433901258, 8033.7846636549, 31271.3242187500
310.9023796815, 8058.0591865564, 28148.7519531250
310.9353393936, 12455.4498518538, 46608.5234375000
311.2188593017, 8001.7886645719, 28914.8320312500
311.2553681347, 320309.3340870142, 1230413.1250000000
311.9003303387, 8947.9897714276, 33411.5546875000
312.2588228670, 72963.4664113969, 276758.5625000000
312.8963909085, 58287.7929694727, 200213.4218750000
312.9973928115, 48524.9069141746, 187255.8593750000
313.0401040954, 9146.5516200289, 36896.5820312500
313.1121307301, 27806.9099820852, 82271.6875000000
313.1487851408, 7828.8583645374, 23333.6132812500
313.1835070049, 55195.1859502792, 212148.4843750000
313.1981589640, 116667.7601024359, 372095.6875000000
313.2343622644, 59515.1306800470, 227063.3750000000
313.2733702947, 18708.5000811517, 58618.3085937500
314.2017012586, 23295.4076351970, 63243.3828125000
314.8931552424, 10245.7047914863, 41877.0859375000
314.9772912523, 6294.9173777169, 26274.6523437500
315.0511627168, 9150.4209572542, 31110.5429687500
315.1275104203, 27259.0002233163, 46586.2851562500
315.1955131525, 8753.0321756210, 40711.6406250000
315.1564892337, 11328.7351507768, 47793.9726562500
315.1776427634, 27937.2183473371, 72642.0390625000
315.2887365604, 9351.8485348802, 26961.4453125000
316.9565431147, 32396.2743777782, 118590.8515625000
317.1926515729, 11904.0900935903, 44696.6015625000
317.1737395800, 12390.9753996991, 66985.1484375000
317.2451277701, 19870.7122765407, 64747.7734375000
319.1898860548, 9440.8507729638, 37658.4531250000
319.2260000437, 7158.0185603732, 28242.8046875000
319.2611005102, 18154.6679236889, 71273.1796875000
319.2838926325, 82523.8917610943, 229985.1250000000
320.2875239274, 9676.6206044145, 37907.6406250000
320.9583027430, 12162.3577337004, 44614.8398437500
321.1692129324, 9859.8133224845, 31799.5253906250
323.1833390302, 7218.7329985155, 23831.3554687500
323.2198797888, 10355.6177864540, 42216.7695312500
324.8880915209, 28833.7428060770, 90586.7187500000
324.8794879228, 7406.9828856960, 25900.8730468750
324.9530005953, 13281.1179427411, 39516.0156250000
325.1985164036, 24801.0535986014, 93839.7265625000
325.2356473192, 10706.3309279233, 42867.8632812500
325.2713195870, 31313.7339523435, 110193.8984375000
326.3779542567, 36465.2852236107, 112474.9375000000
326.9126583039, 13000.7786270808, 46611.2500000000
327.0137759706, 26469.0098205283, 78189.1562500000
327.0775803839, 24714.3220708482, 73867.9218750000
327.1274740619, 10078.3054535035, 34060.6289062500
327.1640513795, 11380.7957796194, 46328.8085937500
327.1773263201, 23509.1815969236, 79120.3906250000
327.2009162524, 132087.6869751811, 445107.5937500000
327.2298500556, 30670.8319621161, 115855.9609375000
327.2512452616, 12249.0920682121, 37866.5703125000
328.2040235630, 11051.8991850037, 37589.8593750000
328.9666497352, 8968.7589356825, 19019.3183593750
329.1934403849, 38046.8865075037, 102162.7968750000
329.2095033741, 11543.0629681833, 39468.7226562500
331.1557268243, 13271.3040018007, 51731.6445312500
331.2087941988, 134554.1182057559, 503689.7500000000
331.2242050029, 59982.3023303300, 228065.2031250000
331.9358984208, 7334.7596052382, 27734.4785156250
332.0239368518, 6632.8422781210, 24075.2832031250
332.2122592496, 21470.4721106030, 65890.3750000000
332.9321539539, 49701.3884413093, 140885.9843750000
332.9611186613, 10143.9210449439, 22518.1152343750
333.2047731329, 7195.0168984663, 25525.5859375000
333.2403224348, 9882.6844064165, 21000.2597656250
333.2994346710, 121926.9335187376, 438479.6562500000
334.3028405226, 31150.5489322729, 99850.0390625000
335.2362729590, 6509.5664465046, 24810.8125000000
335.2549705087, 33434.1121904105, 108907.2031250000
336.2580371283, 11042.7150803022, 38788.5312500000
338.9041630705, 31188.8302781060, 105570.3593750000
338.9690237679, 27596.8412035815, 99390.4765625000
339.2010375885, 19103.0113237090, 71525.4453125000
339.2502748606, 46187.8821883425, 106155.5312500000
339.2869881210, 19099.2195682041, 41360.0976562500
339.9038653658, 9217.6100055836, 29382.0058593750
340.0689290210, 10319.1948438678, 32524.5761718750
340.2039432050, 7890.1101645036, 30418.7167968750
341.1801663619, 7741.4844471859, 26711.0722656250
341.2149650230, 38379.7362595573, 153265.5781250000
341.2659497770, 185685.4998113215, 274756.3125000000
342.2689547723, 28336.9593453147, 81725.8203125000
343.2261270453, 8715.6895853914, 25708.5273437500
345.1886710387, 7525.4710426088, 31473.7480468750
345.2088019931, 11823.7117095254, 56940.1679687500
346.8837438954, 9314.7775066327, 15846.6914062500
346.9388132402, 12337.3601907808, 47000.7304687500
346.9482560618, 38454.7704905048, 109100.1093750000
346.9770051531, 31296.9380110875, 107370.5937500000
347.1839211657, 13714.3547771126, 59987.1679687500
347.2194599347, 8011.7310118871, 28032.7675781250
349.2003394634, 13505.9774135835, 51670.7851562500
349.1833241368, 37186.2030130625, 116263.9765625000
349.2578369985, 25706.9229616933, 90533.0781250000
351.9115168967, 7448.8641668754, 23428.0937500000
353.2164743730, 9167.1965797916, 43364.6562500000
353.2293674372, 7938.3855460081, 35128.8398437500
353.2660127846, 16109.4167848155, 44733.7500000000
354.0846466622, 8988.9604911488, 34061.8710937500
355.0698712897, 13186.8702613246, 38844.8671875000
355.1955650582, 39372.7286874875, 145915.1875000000
355.2815499208, 404049.5462960601, 1493498.2500000000
355.3565134821, 10762.8589670975, 40944.3593750000
356.2848864571, 51841.9206619561, 194138.6406250000
357.2118875592, 10499.4115287438, 23597.7792968750
357.2604365180, 10152.7947113272, 35664.7343750000
359.2241844826, 11890.3429176807, 51369.6445312500
359.9023567927, 10172.6558952425, 33914.3671875000
360.8993169325, 35837.6128502041, 110268.1796875000
360.9639147892, 50664.1901376471, 81251.2265625000
360.9928004514, 10667.8039303254, 41421.6093750000
361.2011607877, 10752.2901296373, 47529.5585937500
361.3307087941, 12279.7628983185, 44973.2226562500
363.2175891940, 26995.7731869183, 34804.8867187500
363.3104818243, 69216.3437912315, 220719.3750000000
364.3136776181, 7862.8159013828, 31121.4921875000
367.2692692187, 40276.8545482457, 149883.6250000000
369.2115819009, 25671.2328798361, 92451.3281250000
369.2785763153, 8833.7599183656, 30821.0683593750
371.1008934937, 13271.4027776290, 53321.9609375000
371.1143035751, 10110.7638245039, 53098.6562500000
371.2553161862, 26670.5477752462, 90168.2500000000
371.2275001514, 133662.7450594008, 374950.8750000000
371.2939765514, 23784.0670427866, 59625.3867187500
372.2300522897, 24204.3280365542, 87883.2890625000
373.8817136295, 8393.3863708377, 16082.5507812500
374.8778129218, 12189.8361695595, 46751.6367187500
375.0077086228, 27147.9986469634, 79295.9062500000
377.3257303737, 246124.0132052898, 257500.7968750000
378.3288774121, 54032.1966691688, 202836.2968750000
381.2107972233, 24264.3985936344, 85904.7968750000
383.2270572338, 56814.8062638119, 199570.8281250000
383.2767477345, 20297.9415285252, 56708.5742187500
383.3126962249, 30580.6484646350, 78446.0703125000
384.2304538515, 21962.9128690958, 56782.6679687500
384.8809726583, 8004.2447859570, 30085.9765625000
385.2066888607, 7582.0484232614, 28010.9160156250
385.2919580163, 36361.6855604053, 95120.7968750000
386.2953269803, 9045.9649360254, 35944.6289062500
387.2347673397, 11677.9705402609, 43666.9570312500
389.2501493825, 56340.9866090268, 137253.1718750000
390.8745785487, 9178.1595189348, 37814.0820312500
391.2318726858, 24818.9925723262, 56271.8203125000
391.2838646723, 615536.7231589556, 2081654.5000000000
391.9027634126, 7750.5535023725, 17579.8574218750
392.2871011085, 164145.1217177510, 113331.8437500000
393.2096460878, 32277.5424268581, 71569.9843750000
395.2266902068, 21713.5052027963, 67228.3593750000
397.2050453549, 9343.5140299797, 33371.7265625000
397.2424186061, 54154.2075119764, 111537.9296875000
398.8605677343, 9234.1264158692, 38717.8242187500
399.2207050440, 9667.8411914017, 26987.2851562500
399.3079948078, 144055.2420270145, 543430.3750000000
399.3467972248, 12976.5230745543, 49658.1601562500
400.3112252704, 28582.7898164988, 100977.2656250000
405.3566988875, 13684.6620412339, 42147.5781250000
407.2999031637, 8157.9962631948, 30310.4179687500
407.3374066986, 22577.7929472812, 54989.3203125000
409.1093623880, 13061.9311449025, 46129.6953125000
411.2213517627, 11769.6199793350, 37449.6015625000
413.2371964521, 11039.4310647044, 40175.1640625000
413.2659381435, 753956.2510163784, 2069080.8750000000
413.3235138683, 12770.2203914020, 41580.0898437500
414.2693331921, 176083.8180202544, 670908.4375000000
415.2532710522, 121146.2184007019, 453878.5937500000
415.2727208845, 32146.3197853267, 106382.0625000000
416.2571183697, 11172.9118356910, 42224.0546875000
421.1705139182, 7149.7213853691, 27740.2226562500
421.3518658588, 113948.8653407842, 346414.2812500000
422.3561560423, 17471.4911394715, 39701.0546875000
423.2573122035, 7338.6073607029, 20689.5996093750
425.2732972687, 7626.1901762988, 31642.1425781250
425.3099479328, 31555.1453774720, 107852.3359375000
427.2529218775, 9700.7215885669, 32711.6035156250
427.8859064778, 8626.9013212435, 30193.0605468750
429.2395618523, 65352.3282264173, 184325.5156250000
430.2431007524, 9724.3556700889, 20560.3789062500
434.9192590354, 9199.6332452055, 33140.2578125000
437.2349788769, 6439.7605820699, 28786.6328125000
437.2736859427, 11746.8063953929, 41154.6406250000
439.2529078323, 12680.0021561775, 47816.4570312500
443.3338740226, 35264.8097336814, 82487.7500000000
445.1196992314, 7736.5676640738, 27016.5507812500
449.3831850576, 25710.2764747925, 93163.3828125000
451.3627052957, 22494.9302641936, 64588.5234375000
459.2797431224, 90293.4244643003, 255117.5937500000
465.3423317431, 10706.3288249206, 43081.7734375000
465.3781651917, 96305.2347303033, 239371.8750000000
466.3820418342, 41993.9636787102, 157992.6562500000
466.9199574494, 8542.5177501701, 31013.6679687500
471.2059272218, 7262.8304673955, 29249.9335937500
481.2618865783, 10643.0854232050, 43906.8125000000
483.3531459225, 12369.8297667969, 43962.0625000000
491.2085666304, 39843.8709603921, 113947.9140625000
491.2285271389, 7314.6978290146, 43876.3125000000
492.2110011826, 8703.4585479926, 33025.7773437500
493.2109152053, 6644.2174741263, 27714.6230468750
493.4094805342, 6832.6981572090, 23130.0878906250
499.2167464792, 12634.5082597174, 33439.7773437500
503.3060407918, 63063.4386543110, 209424.4531250000
509.4048815756, 44763.5068384856, 87092.6406250000
510.4085037946, 19608.0622653291, 55363.6132812500
515.2679640521, 9304.3642845768, 29782.0332031250
517.2632325621, 48582.7802264094, 183066.6093750000
518.2664627168, 28495.0240483731, 105025.3906250000
520.7670015944, 6740.3027777849, 21071.5644531250
525.2844460180, 7913.2836297080, 27868.6855468750
531.2785056923, 32118.9204669893, 98020.7812500000
532.2810491407, 6349.8112759441, 22917.9218750000
537.4345100047, 11757.9598968197, 35426.5468750000
541.8762388500, 6822.7945713438, 30613.8808593750
542.6963352593, 6707.1007851027, 25036.4687500000
545.2583638778, 26623.9615110271, 40045.1015625000
547.3313861421, 31722.2902912013, 112944.5937500000
548.3349506996, 10399.6309040356, 33468.3398437500
553.4306300529, 66913.1775898188, 247156.9531250000
554.4338978657, 9122.6813939437, 17848.0371093750
581.4629652408, 6776.8865090152, 18793.0488281250
591.3576990983, 25917.6811016947, 78472.3593750000
597.4556412045, 36063.5041646734, 91478.0781250000
598.4592434706, 13734.7442036755, 55265.3945312500
641.4819765902, 29192.4639440738, 105056.3281250000
657.4776919741, 7341.7504881127, 18745.8632812500
685.5089380125, 24162.3693494238, 76672.6484375000
686.5122175753, 10413.3628354035, 35051.8125000000
715.5181293236, 12879.7300609127, 55791.1132812500
725.2199214112, 6654.9852432320, 30832.3496093750
729.5339958169, 30962.0850711577, 113389.9687500000
730.5372302248, 8931.5558027457, 33415.6523437500
773.5586753939, 26006.7624132745, 66258.4062500000
817.5869922637, 6525.1832337733, 27176.7851562500
849.6271060854, 6174.2102426849, 32153.9335937500
908.2769564014, 6685.5626097107, 20787.3613281250
908.9318773049, 7210.9365984350, 18515.9980468750
